{
  "checkpoint": "logs/train/runs/train_RenderMANO_4gpu_from_wilor_60epoch_bs120_v1/checkpoints/step=063312-val_loss=1.42039.ckpt",
  "cfg_path": "logs/train/runs/train_RenderMANO_4gpu_from_wilor_60epoch_bs120_v1/model_config.yaml",
  "tar_glob": "/c20250503/Robert/HaMeR_datasets/hamer_training_data/dataset_tars/RenderMANO-test-5000/{000000..000004}.tar",
  "num_samples_seen": 5000,
  "num_samples": 5000,
  "num_skipped_invalid_3d": 0,
  "num_eval_joints": 105000,
  "metric": "PA-MPJPE/PJ: mean Euclidean joint error after similarity(Procrustes) alignment, in millimeters.",
  "mean_pa_mpjpe_mm": 2.748582124710083,
  "median_pa_mpjpe_mm": 2.5180344581604004,
  "p90_pa_mpjpe_mm": 4.1435508251190205,
  "p95_pa_mpjpe_mm": 4.7567528963089,
  "max_pa_mpjpe_mm": 21.38053321838379,
  "mean_root_mpjpe_mm": 4.442881107330322,
  "median_root_mpjpe_mm": 4.164766311645508,
  "p90_root_mpjpe_mm": 6.652298069000245,
  "p95_root_mpjpe_mm": 7.55260365009308,
  "max_root_mpjpe_mm": 18.83052635192871,
  "per_joint_pa_mpjpe_mm": [
    2.592181444168091,
    2.16796612739563,
    2.4081969261169434,
    2.9808428287506104,
    4.734908103942871,
    2.257791757583618,
    2.569005250930786,
    2.714966297149658,
    3.8475866317749023,
    1.7454334497451782,
    2.203718423843384,
    2.3451364040374756,
    3.6177821159362793,
    1.7498365640640259,
    2.09322452545166,
    2.344954252243042,
    3.7721428871154785,
    2.3614859580993652,
    2.249579429626465,
    2.6610443592071533,
    4.302433967590332
  ]
}
