{
  "checkpoint": "logs/train/runs/train_RenderEgoMANO_4gpu_from_wilor_60epoch_bs120_v1/checkpoints/step=063312-val_loss=0.84825.ckpt",
  "cfg_path": "logs/train/runs/train_RenderEgoMANO_4gpu_from_wilor_60epoch_bs120_v1/model_config.yaml",
  "tar_glob": "/c20250503/Robert/HaMeR_datasets/hamer_training_data/dataset_tars/hoi4d-clean-test-5000/{000000..000004}.tar",
  "num_samples_seen": 16,
  "num_samples": 16,
  "num_skipped_invalid_mano": 0,
  "num_eval_joints": 336,
  "metric": "PA-MPJPE/PJ from GT MANO parameters: mean Euclidean joint error after similarity(Procrustes) alignment, in millimeters.",
  "mean_pa_mpjpe_mm": 10.018134117126465,
  "median_pa_mpjpe_mm": 10.093976974487305,
  "p90_pa_mpjpe_mm": 11.210722923278809,
  "p95_pa_mpjpe_mm": 11.521005868911743,
  "max_pa_mpjpe_mm": 11.78091049194336,
  "mean_root_mpjpe_mm": 17.307838439941406,
  "median_root_mpjpe_mm": 17.679908752441406,
  "p90_root_mpjpe_mm": 19.888850212097168,
  "p95_root_mpjpe_mm": 20.091151237487793,
  "max_root_mpjpe_mm": 20.1671199798584,
  "per_joint_pa_mpjpe_mm": [
    14.76739501953125,
    4.190032958984375,
    7.524054527282715,
    11.923813819885254,
    17.74833106994629,
    7.052507400512695,
    4.4892072677612305,
    4.1070170402526855,
    7.881683349609375,
    7.177474498748779,
    6.131929874420166,
    7.211331844329834,
    9.334370613098145,
    8.740341186523438,
    6.65570592880249,
    6.648844242095947,
    11.118569374084473,
    11.661226272583008,
    5.220510959625244,
    16.7362003326416,
    34.06027603149414
  ]
}
