{
  "checkpoint": "logs/train/runs/train_hoi4d_clean_renderegomano_quarter_4gpu_from_wilor_60epoch_bs120_v1/checkpoints/step=063312-val_loss=0.87861.ckpt",
  "cfg_path": "logs/train/runs/train_hoi4d_clean_renderegomano_quarter_4gpu_from_wilor_60epoch_bs120_v1/model_config.yaml",
  "tar_glob": "/c20250503/Robert/HaMeR_datasets/hamer_training_data/dataset_tars/hoi4d-clean-test-5000/{000000..000004}.tar",
  "num_samples_seen": 5000,
  "num_samples": 5000,
  "num_skipped_invalid_mano": 0,
  "num_eval_joints": 105000,
  "metric": {
    "pa_mpjpe_mm": "Per-sample mean 3D joint error after similarity(Procrustes) alignment, in millimeters.",
    "root_mpjpe_mm": "Per-sample mean 3D joint error after wrist/root alignment only, in millimeters. Report this as PJ/root-MPJPE."
  },
  "mean_pa_mpjpe_mm": 4.95982027053833,
  "median_pa_mpjpe_mm": 4.361222267150879,
  "p90_pa_mpjpe_mm": 7.893119764328004,
  "p95_pa_mpjpe_mm": 9.373883199691775,
  "max_pa_mpjpe_mm": 26.45454978942871,
  "mean_root_mpjpe_mm": 24.333463668823242,
  "median_root_mpjpe_mm": 22.79601287841797,
  "p90_root_mpjpe_mm": 40.08370780944824,
  "p95_root_mpjpe_mm": 50.921368408203186,
  "max_root_mpjpe_mm": 118.78485870361328,
  "per_joint_pa_mpjpe_mm": [
    4.735021114349365,
    3.9288125038146973,
    4.246903896331787,
    6.425844669342041,
    10.324397087097168,
    3.2810823917388916,
    3.157660484313965,
    4.484428405761719,
    7.233321189880371,
    3.147939682006836,
    3.249661684036255,
    4.130842685699463,
    8.662641525268555,
    2.7893035411834717,
    2.7814416885375977,
    4.075788974761963,
    7.578779697418213,
    3.181081533432007,
    3.278827428817749,
    4.891790390014648,
    8.570679664611816
  ],
  "per_joint_root_mpjpe_mm": [
    0.0,
    9.211835861206055,
    17.279420852661133,
    23.278480529785156,
    30.083641052246094,
    20.829303741455078,
    26.2365779876709,
    30.10777473449707,
    34.77547073364258,
    21.557214736938477,
    27.10551643371582,
    29.79488182067871,
    33.48922348022461,
    19.486387252807617,
    24.60976791381836,
    29.178150177001953,
    35.048221588134766,
    18.640064239501953,
    22.24372100830078,
    26.20313262939453,
    31.84390640258789
  ]
}
