{
  "checkpoint": "logs/train/runs/train_hoi4d_clean_4gpu_from_wilor_60epoch_bs120_v1/checkpoints/step=030656-val_loss=0.62344.ckpt",
  "config": "logs/train/runs/train_hoi4d_clean_4gpu_from_wilor_60epoch_bs120_v1/model_config.yaml",
  "tar_glob": "/c20250503/Robert/HaMeR_datasets/hamer_training_data/dataset_tars/hoi4d-clean-test-5000/{000000..000004}.tar",
  "num_samples": 5000,
  "num_eval_joints": 105000,
  "mean_px": 10.511997422225571,
  "median_px": 7.919194056354768,
  "rmse_px": 14.369740165489262,
  "p90_px": 21.06870203889067,
  "p95_px": 27.281111442233446,
  "max_px": 211.8707111113697,
  "per_joint_mean_px": [
    9.4288287203475,
    9.190810107720726,
    8.204986724675745,
    9.061024084690333,
    10.856630767727093,
    8.80200200604857,
    8.327606225976284,
    9.808677608660805,
    12.84178758025224,
    8.647753458518771,
    9.28647039101442,
    10.582567351297385,
    13.590873748450196,
    8.90915677728368,
    9.845522381517515,
    11.074022599565732,
    14.228554070333614,
    10.085755390042397,
    10.687574640153597,
    12.00562377520669,
    14.552784298082212
  ]
}
