{
  "image": "frame_000000.jpg",
  "hands": [
    {
      "hand_index": 0,
      "is_right": false,
      "kpts_2d_xy": [
        [639.03076171875, 371.60986328125],
        [676.0042114257812, 361.62261962890625],
        [703.8572387695312, 347.4682312011719],
        [722.0975952148438, 327.8817443847656],
        [744.17626953125, 306.52740478515625],
        [693.9876708984375, 297.7147521972656],
        [714.943359375, 277.6188659667969],
        [727.6942749023438, 267.48101806640625],
        [740.256591796875, 260.20037841796875],
        [673.9075927734375, 282.58099365234375],
        [685.3840942382812, 256.4092102050781],
        [693.5491943359375, 242.62875366210938],
        [704.314208984375, 231.00836181640625],
        [648.4193725585938, 287.3418884277344],
        [658.2881469726562, 260.5452575683594],
        [666.1039428710938, 242.04754638671875],
        [677.7229614257812, 227.92041015625],
        [629.9879150390625, 295.2494812011719],
        [628.238037109375, 274.4211730957031],
        [629.2667236328125, 259.34716796875],
        [635.4730224609375, 247.56265258789062]
      ]
    },
    {
      "hand_index": 1,
      "is_right": true,
      "kpts_2d_xy": [
        [1085.24755859375, 418.2194519042969],
        [1078.8681640625, 391.18206787109375],
        [1076.684814453125, 369.1675720214844],
        [1078.8074951171875, 351.1700744628906],
        [1086.722412109375, 339.5898742675781],
        [1110.494140625, 357.2014465332031],
        [1112.54052734375, 334.4315490722656],
        [1109.344970703125, 320.30291748046875],
        [1103.9100341796875, 304.9495849609375],
        [1121.3485107421875, 362.4864196777344],
        [1129.013916015625, 344.70269775390625],
        [1125.9876708984375, 333.22088623046875],
        [1120.78076171875, 319.6579895019531],
        [1121.10546875, 377.5664367675781],
        [1125.1116943359375, 361.3459167480469],
        [1120.1513671875, 352.12176513671875],
        [1111.832275390625, 339.9022216796875],
        [1117.1156005859375, 389.38348388671875],
        [1112.4630126953125, 378.5360412597656],
        [1102.2705078125, 373.3998718261719],
        [1090.4326171875, 374.27435302734375]
      ]
    },
    {
      "hand_index": 2,
      "is_right": true,
      "kpts_2d_xy": [
        [861.5430297851562, 717.6610107421875],
        [870.2196044921875, 714.655029296875],
        [885.5335083007812, 708.658203125],
        [901.7841186523438, 705.0260620117188],
        [923.6146240234375, 707.139892578125],
        [906.7623291015625, 695.8435668945312],
        [925.9964599609375, 699.986083984375],
        [936.101806640625, 708.4025268554688],
        [946.3023681640625, 718.5330810546875],
        [916.4688720703125, 697.9766235351562],
        [933.7568359375, 704.0413818359375],
        [943.2314453125, 713.6777954101562],
        [949.8788452148438, 724.7652587890625],
        [915.6546630859375, 707.7088623046875],
        [931.567626953125, 708.2938842773438],
        [941.98388671875, 718.623046875],
        [947.3674926757812, 728.1966552734375],
        [913.425048828125, 717.7884521484375],
        [925.9759521484375, 717.3956298828125],
        [936.0599365234375, 721.8434448242188],
        [943.680908203125, 727.0851440429688]
      ]
    }
  ]
}