{
  "image": "frame_000200.jpg",
  "hands": [
    {
      "hand_index": 0,
      "is_right": true,
      "kpts_2d_xy": [
        [910.5632934570312, 369.4087219238281],
        [910.9664306640625, 332.5004577636719],
        [905.25634765625, 301.2938232421875],
        [886.0357055664062, 278.77825927734375],
        [849.9034423828125, 266.0186767578125],
        [875.9542236328125, 275.7857971191406],
        [847.766845703125, 254.93630981445312],
        [842.294189453125, 266.8470153808594],
        [846.3919677734375, 286.7579345703125],
        [854.3027954101562, 283.91943359375],
        [841.058837890625, 288.5478820800781],
        [853.2470703125, 307.7523498535156],
        [874.384765625, 326.1842041015625],
        [841.1695556640625, 309.92645263671875],
        [832.3126220703125, 308.4071960449219],
        [848.85546875, 327.1815185546875],
        [871.8118896484375, 343.03125],
        [831.9288330078125, 332.0655517578125],
        [828.3422241210938, 330.1779479980469],
        [844.8602294921875, 340.1642761230469],
        [865.1600341796875, 348.35723876953125]
      ]
    },
    {
      "hand_index": 1,
      "is_right": true,
      "kpts_2d_xy": [
        [385.515625, 698.7517700195312],
        [401.76458740234375, 690.0980224609375],
        [420.58502197265625, 712.4530029296875],
        [413.2452087402344, 728.943359375],
        [363.81781005859375, 789.2745361328125],
        [283.9141540527344, 669.5601806640625],
        [217.64862060546875, 675.4656982421875],
        [233.12359619140625, 722.1533203125],
        [282.349365234375, 753.7720947265625],
        [233.90591430664062, 694.9376831054688],
        [203.30740356445312, 737.973876953125],
        [250.12088012695312, 767.719970703125],
        [304.146728515625, 762.5671997070312],
        [221.8101806640625, 733.5430908203125],
        [201.3824462890625, 758.2498168945312],
        [251.34683227539062, 788.6912841796875],
        [302.5364990234375, 784.2137451171875],
        [223.25979614257812, 769.37060546875],
        [202.16415405273438, 782.699462890625],
        [244.22744750976562, 798.2686767578125],
        [279.4466552734375, 787.903564453125]
      ]
    },
    {
      "hand_index": 2,
      "is_right": true,
      "kpts_2d_xy": [
        [854.3147583007812, 719.7916259765625],
        [863.4005737304688, 719.3330078125],
        [879.0009155273438, 713.259521484375],
        [895.02197265625, 708.9493408203125],
        [916.632080078125, 705.5277099609375],
        [896.177734375, 696.417236328125],
        [916.1668701171875, 697.628662109375],
        [928.6239013671875, 703.1153564453125],
        [941.9949951171875, 710.4978637695312],
        [905.296630859375, 694.7695922851562],
        [924.135009765625, 697.8465576171875],
        [936.718994140625, 704.42333984375],
        [947.7735595703125, 714.044189453125],
        [905.3316650390625, 701.8690185546875],
        [921.7051391601562, 700.2891845703125],
        [935.63671875, 706.541259765625],
        [945.6608276367188, 715.302734375],
        [904.2813720703125, 710.3046875],
        [916.704345703125, 708.516845703125],
        [928.003662109375, 710.3118896484375],
        [938.6754150390625, 713.453125]
      ]
    }
  ]
}