{
  "image": "frame_000100.jpg",
  "hands": [
    {
      "hand_index": 0,
      "is_right": true,
      "kpts_2d_xy": [
        [938.185302734375, 386.99810791015625],
        [957.48486328125, 353.8606872558594],
        [972.154541015625, 323.24371337890625],
        [976.167724609375, 294.30389404296875],
        [985.1781005859375, 256.42718505859375],
        [922.3721923828125, 291.7566223144531],
        [913.9710693359375, 258.4254150390625],
        [906.6204833984375, 236.28372192382812],
        [898.0348510742188, 211.49667358398438],
        [894.9830932617188, 296.1469421386719],
        [875.5318603515625, 274.2957458496094],
        [861.5928955078125, 259.811767578125],
        [847.8724365234375, 243.8611297607422],
        [878.3406372070312, 320.3811340332031],
        [862.59716796875, 301.10260009765625],
        [849.795654296875, 289.7823791503906],
        [842.2448120117188, 278.9248352050781],
        [869.3195190429688, 342.0170593261719],
        [872.358154296875, 343.72015380859375],
        [881.2552490234375, 347.23046875],
        [887.438720703125, 346.99798583984375]
      ]
    },
    {
      "hand_index": 1,
      "is_right": false,
      "kpts_2d_xy": [
        [620.8536376953125, 374.88262939453125],
        [654.1172485351562, 355.40087890625],
        [677.5004272460938, 335.95623779296875],
        [689.3308715820312, 312.9654846191406],
        [691.172119140625, 286.911865234375],
        [656.4349365234375, 289.0752868652344],
        [665.94384765625, 260.9775390625],
        [672.0108642578125, 249.9962615966797],
        [676.6404418945312, 247.08258056640625],
        [633.023193359375, 278.71893310546875],
        [635.3717041015625, 250.90554809570312],
        [639.3876953125, 239.9646759033203],
        [646.2496337890625, 234.67080688476562],
        [608.946533203125, 288.67877197265625],
        [613.3047485351562, 261.01739501953125],
        [617.9920654296875, 245.60813903808594],
        [627.1202392578125, 237.82366943359375],
        [592.4578857421875, 299.88812255859375],
        [589.8909301757812, 280.2148742675781],
        [593.41015625, 272.49591064453125],
        [602.3062133789062, 272.2293701171875]
      ]
    }
  ]
}