{
  "checkpoint": "logs/train/runs/train_hoi4d_clean_egofishhands_quarter_8gpu_from_wilor_60epoch_bs60_v1/checkpoints/last.ckpt",
  "config": "logs/train/runs/train_hoi4d_clean_egofishhands_quarter_8gpu_from_wilor_60epoch_bs60_v1/model_config.yaml",
  "tar_glob": "/vepfs-mlp2/mlp-public/huyaoqing/hamer/hamer_training_data/dataset_tars/hoi4d-clean-test/{000000..000023}.tar",
  "num_samples": 5000,
  "num_eval_joints": 105000,
  "mean_px": 10.398047583444335,
  "median_px": 7.534323966024065,
  "rmse_px": 14.61959424717988,
  "p90_px": 21.018367343443167,
  "p95_px": 28.50801882467463,
  "max_px": 158.4359335895377,
  "per_joint_mean_px": [
    10.777445258987996,
    9.718802565469312,
    8.373877673931188,
    9.165980256839191,
    11.171875578718439,
    8.413245102491961,
    7.814486672628824,
    9.39542531579287,
    12.372364894333744,
    8.047513271798815,
    8.68336729588388,
    9.524267995473519,
    13.205800937978927,
    8.39614154005258,
    9.150758616539035,
    10.8383959846008,
    15.019961101510313,
    9.704047454324817,
    10.076506706769182,
    12.041385086147882,
    15.368336833914702
  ]
}
