{
  "checkpoint": "pretrained_models/wilor_final.ckpt",
  "config": "pretrained_models/model_config.yaml",
  "tar_glob": "/c20250503/Robert/HaMeR_datasets/hamer_training_data/dataset_tars/hoi4d-clean-test-5000/{000000..000004}.tar",
  "num_samples": 5000,
  "num_eval_joints": 105000,
  "mean_px": 19.92366922225092,
  "median_px": 16.112905275945103,
  "rmse_px": 24.853199391262734,
  "p90_px": 39.93536583608512,
  "p95_px": 48.447285594560576,
  "max_px": 201.10175147271056,
  "per_joint_mean_px": [
    19.62016426792142,
    17.542066238177853,
    15.495870901606802,
    15.002361977905824,
    14.925524268390806,
    13.68098276700258,
    14.874111916638975,
    15.458746843989635,
    20.078483132379226,
    17.12935243451561,
    15.648261464449694,
    17.043862739650795,
    20.527699422545744,
    22.418328570885134,
    19.436170118805205,
    21.929694211746686,
    25.463617089252917,
    27.808981137944862,
    25.560537899721474,
    27.799512074304875,
    31.279999161671107
  ]
}
