{
  "checkpoint": "logs/train/runs/train_hoi4d_clean_egofishhands_quarter_8gpu_from_wilor_60epoch_bs60_v1/checkpoints/step=063312-val_loss=0.49383.ckpt",
  "config": "logs/train/runs/train_hoi4d_clean_egofishhands_quarter_8gpu_from_wilor_60epoch_bs60_v1/model_config.yaml",
  "tar_glob": "/vepfs-mlp2/mlp-public/huyaoqing/hamer/hamer_training_data/dataset_tars/hoi4d-clean-test/{000000..000023}.tar",
  "num_samples": 5000,
  "num_eval_joints": 105000,
  "mean_px": 12.655401041090693,
  "median_px": 9.301386675391022,
  "rmse_px": 17.73889566775369,
  "p90_px": 25.489834810857985,
  "p95_px": 33.94583408150302,
  "max_px": 213.7579714715563,
  "per_joint_mean_px": [
    12.30965079947556,
    11.494960838789673,
    10.140047372946759,
    10.302817286174824,
    11.218801541551217,
    10.218600695346868,
    10.290772679545551,
    11.942332835490294,
    14.868046839354395,
    10.333760648352914,
    11.201631787657105,
    12.629927659565926,
    16.180023926921663,
    11.187262670482797,
    12.005919905671018,
    13.662607683789629,
    17.329178510782384,
    12.760207211174682,
    13.430153142201691,
    14.8697256136968,
    17.226174933655628
  ]
}
