{
  "frame_index": 0,
  "timestamp_sec": 0.0,
  "width": 960,
  "height": 640,
  "hands": [
    {
      "hand_index": 0,
      "source_index": 0,
      "is_right": true,
      "hand_side": "right",
      "bbox_xyxy": [
        340,
        72,
        660,
        430
      ],
      "bbox_score": 0.982,
      "box_center_xy": [
        500.0,
        251.0
      ],
      "box_size": 358.0,
      "img_size_wh": [
        960,
        640
      ],
      "focal_length_px": 5000.0,
      "pred_cam_crop": [
        0.83,
        0.012,
        -0.018
      ],
      "cam_t_full": [
        0.012,
        -0.018,
        0.642
      ],
      "joints_3d_root": [
        [
          0.0,
          0.0,
          0.0
        ],
        [
          -0.08571,
          0.12857,
          0.03
        ],
        [
          -0.15714,
          0.20571,
          0.06
        ],
        [
          -0.21714,
          0.31429,
          0.09
        ],
        [
          -0.26286,
          0.40571,
          0.12
        ],
        [
          -0.05714,
          0.2,
          0.15
        ],
        [
          -0.11429,
          0.37143,
          0.18
        ],
        [
          -0.17714,
          0.57143,
          0.21
        ],
        [
          -0.24571,
          0.72857,
          0.24
        ],
        [
          0.0,
          0.21429,
          0.27
        ],
        [
          -0.02286,
          0.4,
          0.3
        ],
        [
          -0.04286,
          0.61429,
          0.33
        ],
        [
          -0.06286,
          0.78857,
          0.36
        ],
        [
          0.05714,
          0.20571,
          0.39
        ],
        [
          0.08571,
          0.4,
          0.42
        ],
        [
          0.09714,
          0.6,
          0.45
        ],
        [
          0.10286,
          0.77714,
          0.48
        ],
        [
          0.14286,
          0.15714,
          0.51
        ],
        [
          0.21429,
          0.29143,
          0.54
        ],
        [
          0.3,
          0.35714,
          0.57
        ],
        [
          0.43429,
          0.4,
          0.6
        ]
      ],
      "joints_3d_camera": [
        [
          0.012,
          -0.018,
          0.642
        ],
        [
          -0.07371,
          0.11057,
          0.672
        ],
        [
          -0.14514,
          0.18771,
          0.702
        ],
        [
          -0.20514,
          0.29629,
          0.732
        ],
        [
          -0.25086,
          0.38771,
          0.762
        ],
        [
          -0.04514,
          0.182,
          0.792
        ],
        [
          -0.10229,
          0.35343,
          0.822
        ],
        [
          -0.16514,
          0.55343,
          0.852
        ],
        [
          -0.23371,
          0.71057,
          0.882
        ],
        [
          0.012,
          0.19629,
          0.912
        ],
        [
          -0.01086,
          0.382,
          0.942
        ],
        [
          -0.03086,
          0.59629,
          0.972
        ],
        [
          -0.05086,
          0.77057,
          1.002
        ],
        [
          0.06914,
          0.18771,
          1.032
        ],
        [
          0.09771,
          0.382,
          1.062
        ],
        [
          0.10914,
          0.582,
          1.092
        ],
        [
          0.11486,
          0.75914,
          1.122
        ],
        [
          0.15486,
          0.13914,
          1.152
        ],
        [
          0.22629,
          0.27343,
          1.182
        ],
        [
          0.312,
          0.33914,
          1.212
        ],
        [
          0.44629,
          0.382,
          1.242
        ]
      ],
      "joints_2d_xy": [
        [
          470.0,
          360.0
        ],
        [
          440.0,
          315.0
        ],
        [
          415.0,
          288.0
        ],
        [
          394.0,
          250.0
        ],
        [
          378.0,
          218.0
        ],
        [
          450.0,
          290.0
        ],
        [
          430.0,
          230.0
        ],
        [
          408.0,
          160.0
        ],
        [
          384.0,
          105.0
        ],
        [
          470.0,
          285.0
        ],
        [
          462.0,
          220.0
        ],
        [
          455.0,
          145.0
        ],
        [
          448.0,
          84.0
        ],
        [
          490.0,
          288.0
        ],
        [
          500.0,
          220.0
        ],
        [
          504.0,
          150.0
        ],
        [
          506.0,
          88.0
        ],
        [
          520.0,
          305.0
        ],
        [
          545.0,
          258.0
        ],
        [
          575.0,
          235.0
        ],
        [
          622.0,
          220.0
        ]
      ],
      "joints_depth": [
        0.642,
        0.672,
        0.702,
        0.732,
        0.762,
        0.792,
        0.822,
        0.852,
        0.882,
        0.912,
        0.942,
        0.972,
        1.002,
        1.032,
        1.062,
        1.092,
        1.122,
        1.152,
        1.182,
        1.212,
        1.242
      ],
      "joints_2d_scores": [
        0.99,
        0.97,
        0.96,
        0.95,
        0.94,
        0.98,
        0.97,
        0.96,
        0.95,
        0.94,
        0.98,
        0.97,
        0.96,
        0.95,
        0.94,
        0.98,
        0.97,
        0.96,
        0.95,
        0.94,
        0.98
      ]
    }
  ]
}
