{
  "checkpoint": "logs/train/runs/train_hoi4d_clean_4gpu_resume48000_to86376_bs120_v1/checkpoints/step=049984-val_loss=0.75937.ckpt",
  "cfg_path": "logs/train/runs/train_hoi4d_clean_4gpu_resume48000_to86376_bs120_v1/model_config.yaml",
  "tar_glob": "/c20250503/Robert/HaMeR_datasets/hamer_training_data/dataset_tars/hoi4d-clean-test-5000/{000000..000004}.tar",
  "num_samples_seen": 5000,
  "num_samples": 5000,
  "num_skipped_invalid_mano": 0,
  "num_eval_joints": 105000,
  "metric": {
    "pa_mpjpe_mm": "Per-sample mean 3D joint error after similarity(Procrustes) alignment, in millimeters.",
    "root_mpjpe_mm": "Per-sample mean 3D joint error after wrist/root alignment only, in millimeters. Report this as PJ/root-MPJPE."
  },
  "mean_pa_mpjpe_mm": 5.035643577575684,
  "median_pa_mpjpe_mm": 4.48452091217041,
  "p90_pa_mpjpe_mm": 7.948044824600221,
  "p95_pa_mpjpe_mm": 9.471303701400759,
  "max_pa_mpjpe_mm": 25.709571838378906,
  "mean_root_mpjpe_mm": 24.12192726135254,
  "median_root_mpjpe_mm": 22.19558334350586,
  "p90_root_mpjpe_mm": 40.609072113037115,
  "p95_root_mpjpe_mm": 50.72678337097168,
  "max_root_mpjpe_mm": 117.1584243774414,
  "per_joint_pa_mpjpe_mm": [
    4.881564617156982,
    4.071247100830078,
    4.218466281890869,
    6.355685710906982,
    10.592913627624512,
    3.3771331310272217,
    3.097059488296509,
    4.53857946395874,
    7.513055324554443,
    3.224433183670044,
    3.276055335998535,
    4.133658409118652,
    8.559402465820312,
    2.840236186981201,
    2.884115219116211,
    4.230887413024902,
    7.806288242340088,
    3.2181754112243652,
    3.342850685119629,
    4.996447563171387,
    8.590227127075195
  ],
  "per_joint_root_mpjpe_mm": [
    0.0,
    9.136807441711426,
    16.959228515625,
    22.891475677490234,
    29.713340759277344,
    20.49374008178711,
    25.990358352661133,
    30.012786865234375,
    34.80373001098633,
    21.24176597595215,
    26.7498722076416,
    29.451078414916992,
    33.10762023925781,
    19.258819580078125,
    24.319547653198242,
    28.955591201782227,
    34.92741394042969,
    18.462038040161133,
    22.11436653137207,
    26.143524169921875,
    31.82744026184082
  ]
}
