{
  "checkpoint": "logs/train/runs/train_hoi4d_clean_egofishhands_quarter_4gpu_from_wilor_60epoch_bs120_v1/checkpoints/step=063312-val_loss=0.89867.ckpt",
  "config": "logs/train/runs/train_hoi4d_clean_egofishhands_quarter_4gpu_from_wilor_60epoch_bs120_v1/model_config.yaml",
  "tar_glob": "/vepfs-mlp2/mlp-public/huyaoqing/hamer/hamer_training_data/dataset_tars/hoi4d-clean-test/{000000..000023}.tar",
  "num_samples": 5000,
  "num_eval_joints": 105000,
  "mean_px": 10.2014217300326,
  "median_px": 7.50689726634805,
  "rmse_px": 14.111748523222149,
  "p90_px": 20.93235844355654,
  "p95_px": 27.322734047537,
  "max_px": 216.47909371463635,
  "per_joint_mean_px": [
    9.756152938270692,
    8.56286941912804,
    8.214912351843136,
    9.218978745315503,
    10.396625157354359,
    8.4222410549715,
    7.664150676051138,
    8.843470981057019,
    12.231251629496477,
    8.345093773268045,
    8.308060568175222,
    9.65268094829019,
    13.57042548792474,
    8.636172096218592,
    9.180368844195499,
    11.17024309952403,
    14.732101127419064,
    9.814224438295108,
    10.348926680521414,
    12.189074644348034,
    15.381825487138471
  ]
}
