{
  "checkpoint": "logs/train/runs/train_RenderMANO_4gpu_from_wilor_60epoch_bs120_v1/checkpoints/step=063312-val_loss=1.42039.ckpt",
  "config": "logs/train/runs/train_RenderMANO_4gpu_from_wilor_60epoch_bs120_v1/model_config.yaml",
  "tar_glob": "/c20250503/Robert/HaMeR_datasets/hamer_training_data/dataset_tars/RenderMANO-test-5000/{000000..000004}.tar",
  "num_samples": 5000,
  "num_eval_joints": 105000,
  "mean_px": 6.960551207795319,
  "median_px": 4.980513680394523,
  "rmse_px": 9.923604683280221,
  "p90_px": 14.044869465284751,
  "p95_px": 19.422398535223905,
  "max_px": 211.05608906051174,
  "per_joint_mean_px": [
    18.282694943265202,
    10.345866752139033,
    7.046874276930595,
    6.853276114259119,
    10.610248116019928,
    5.359125964022933,
    5.5715859444697315,
    5.020423510233095,
    7.941335533247798,
    4.609614574607495,
    4.543115369490286,
    4.226505955931128,
    7.580267007572421,
    4.6296108624209635,
    4.546256537176701,
    4.539606559852651,
    7.6217235656881135,
    6.693713109363102,
    5.620396412325414,
    5.993256274370711,
    8.562573495145164
  ]
}
