{
  "sequence": "20260604_203918_008",
  "camera": "cam0",
  "frame_index": 0,
  "image": "inputs/cam0/cam0_frame_000000.jpg",
  "coordinate_units": "mm",
  "camera_params": {
    "K": [
      [
        545.0952326527841,
        0.0,
        648.0192974457191
      ],
      [
        0.0,
        544.3053037179642,
        362.6286633003111
      ],
      [
        0.0,
        0.0,
        1.0
      ]
    ],
    "dist": [
      -0.3594074223645207,
      0.12771476197145473,
      0.0,
      0.0,
      0.0
    ],
    "image_size_hw": [
      720,
      1280
    ]
  },
  "hands": [
    {
      "hand_slot": 0,
      "det_id_cam0": 0,
      "confidence": 0.839144,
      "bbox_conf_cam0": 0.860691,
      "bbox_xyxy_cam0": [
        594.0,
        207.0,
        761.0,
        403.0
      ],
      "joints2d_cam0_px": [
        [
          639.018005,
          371.598816
        ],
        [
          675.989746,
          361.611755
        ],
        [
          703.841553,
          347.457367
        ],
        [
          722.081726,
          327.871582
        ],
        [
          744.159424,
          306.524658
        ],
        [
          693.972351,
          297.706116
        ],
        [
          714.927734,
          277.610596
        ],
        [
          727.677063,
          267.472626
        ],
        [
          740.240112,
          260.184387
        ],
        [
          673.892761,
          282.572937
        ],
        [
          685.367493,
          256.401062
        ],
        [
          693.53241,
          242.622345
        ],
        [
          704.299072,
          231.002365
        ],
        [
          648.405212,
          287.33374
        ],
        [
          658.272888,
          260.537842
        ],
        [
          666.087402,
          242.041428
        ],
        [
          677.708801,
          227.869614
        ],
        [
          629.974182,
          295.241089
        ],
        [
          628.223755,
          274.413513
        ],
        [
          629.252075,
          259.340759
        ],
        [
          635.46106,
          247.57309
        ]
      ],
      "depth_cam0_mm": [
        441.479614,
        452.801666,
        455.199982,
        457.544434,
        467.357697,
        449.371216,
        455.298492,
        462.738251,
        476.490295,
        449.759979,
        455.373047,
        464.84671,
        476.213654,
        452.341248,
        457.123505,
        465.276642,
        475.622925,
        455.746735,
        462.824005,
        474.585571,
        487.310516
      ],
      "joints3d_raw_mm": [
        [
          -7.158505,
          10.613041,
          441.479614
        ],
        [
          23.389141,
          2.388128,
          452.801666
        ],
        [
          46.918743,
          -9.823214,
          455.199982
        ],
        [
          62.770149,
          -26.257607,
          457.544434
        ],
        [
          83.752464,
          -45.438583,
          467.357697
        ],
        [
          38.250854,
          -50.788673,
          449.371216
        ],
        [
          56.731663,
          -68.649513,
          455.298492
        ],
        [
          68.932777,
          -79.270088,
          462.738251
        ],
        [
          82.536736,
          -89.233849,
          476.490295
        ],
        [
          21.612411,
          -63.578953,
          449.759979
        ],
        [
          31.74081,
          -86.863091,
          455.373047
        ],
        [
          39.638756,
          -101.051254,
          464.84671
        ],
        [
          50.435982,
          -114.377602,
          476.213654
        ],
        [
          0.426,
          -59.969063,
          452.341248
        ],
        [
          8.799935,
          -83.425636,
          457.123505
        ],
        [
          15.780712,
          -101.16259,
          465.276642
        ],
        [
          26.5688,
          -116.516205,
          475.622925
        ],
        [
          -15.05442,
          -53.693295,
          455.746735
        ],
        [
          -16.857662,
          -72.830132,
          462.824005
        ],
        [
          -16.440018,
          -88.167618,
          474.585571
        ],
        [
          -11.290128,
          -101.161423,
          487.310516
        ]
      ],
      "joints3d_smooth_mm": [
        [
          -6.937268,
          10.515058,
          443.675842
        ],
        [
          23.559507,
          2.100115,
          454.877258
        ],
        [
          46.88459,
          -10.364607,
          457.299194
        ],
        [
          62.593418,
          -26.760283,
          458.085236
        ],
        [
          82.566071,
          -45.955025,
          465.999023
        ],
        [
          38.292412,
          -50.988697,
          449.789734
        ],
        [
          56.48991,
          -68.413292,
          456.067383
        ],
        [
          68.437035,
          -78.36364,
          464.664581
        ],
        [
          81.518822,
          -87.190666,
          481.133331
        ],
        [
          21.684237,
          -63.528568,
          449.524384
        ],
        [
          31.531187,
          -86.735161,
          454.728516
        ],
        [
          39.246571,
          -100.713432,
          463.487854
        ],
        [
          49.767727,
          -113.641251,
          474.095612
        ],
        [
          0.585859,
          -59.760815,
          451.878021
        ],
        [
          8.66492,
          -83.018448,
          456.391052
        ],
        [
          15.3318,
          -100.434059,
          464.337799
        ],
        [
          25.73955,
          -115.417046,
          474.36377
        ],
        [
          -14.834377,
          -53.397514,
          455.184937
        ],
        [
          -16.78153,
          -72.411484,
          462.401611
        ],
        [
          -16.359657,
          -87.50692,
          474.412262
        ],
        [
          -11.079762,
          -100.021835,
          487.181885
        ]
      ],