{
  "sequence": "20260604_203918_008",
  "camera": "cam0",
  "frame_index": 200,
  "image": "inputs/cam0/cam0_frame_000200.jpg",
  "coordinate_units": "mm",
  "camera_params": {
    "K": [
      [
        545.0952326527841,
        0.0,
        648.0192974457191
      ],
      [
        0.0,
        544.3053037179642,
        362.6286633003111
      ],
      [
        0.0,
        0.0,
        1.0
      ]
    ],
    "dist": [
      -0.3594074223645207,
      0.12771476197145473,
      0.0,
      0.0,
      0.0
    ],
    "image_size_hw": [
      720,
      1280
    ]
  },
  "hands": [
    {
      "hand_slot": 0,
      "det_id_cam0": 1,
      "confidence": NaN,
      "bbox_conf_cam0": 0.544745,
      "bbox_xyxy_cam0": [
        141.0,
        563.0,
        481.0,
        719.0
      ],
      "joints2d_cam0_px": [
        [
          386.68161,
          708.013428
        ],
        [
          405.418884,
          695.624573
        ],
        [
          421.553284,
          715.51825
        ],
        [
          412.229187,
          727.332031
        ],
        [
          367.339111,
          784.631348
        ],
        [
          288.732239,
          670.575073
        ],
        [
          222.453918,
          673.617859
        ],
        [
          235.2258,
          719.812866
        ],
        [
          280.920105,
          756.908997
        ],
        [
          237.552155,
          697.037964
        ],
        [
          207.262024,
          736.252197
        ],
        [
          253.846008,
          767.666931
        ],
        [
          308.497467,
          766.940552
        ],
        [
          224.03009,
          738.118347
        ],
        [
          204.610321,
          759.303101
        ],
        [
          254.898163,
          790.741943
        ],
        [
          307.215729,
          792.092834
        ],
        [
          224.522156,
          775.911987
        ],
        [
          203.799988,
          787.09375
        ],
        [
          246.250977,
          802.906372
        ],
        [
          281.773804,
          794.520996
        ]
      ],
      "depth_cam0_mm": [
        NaN,
        NaN,
        NaN,
        NaN,
        NaN,
        NaN,
        NaN,
        NaN,
        NaN,
        NaN,
        NaN,
        NaN,
        NaN,
        NaN,
        NaN,
        NaN,
        NaN,
        NaN,
        NaN,
        NaN,
        NaN
      ],
      "joints3d_raw_mm": [
        [
          NaN,
          NaN,
          NaN
        ],
        [
          NaN,
          NaN,
          NaN
        ],
        [
          NaN,
          NaN,
          NaN
        ],
        [
          NaN,
          NaN,
          NaN
        ],
        [
          NaN,
          NaN,
          NaN
        ],
        [
          NaN,
          NaN,
          NaN
        ],
        [
          NaN,
          NaN,
          NaN
        ],
        [
          NaN,
          NaN,
          NaN
        ],
        [
          NaN,
          NaN,
          NaN
        ],
        [
          NaN,
          NaN,
          NaN
        ],
        [
          NaN,
          NaN,
          NaN
        ],
        [
          NaN,
          NaN,
          NaN
        ],
        [
          NaN,
          NaN,
          NaN
        ],
        [
          NaN,
          NaN,
          NaN
        ],
        [
          NaN,
          NaN,
          NaN
        ],
        [
          NaN,
          NaN,
          NaN
        ],
        [
          NaN,
          NaN,
          NaN
        ],
        [
          NaN,
          NaN,
          NaN
        ],
        [
          NaN,
          NaN,
          NaN
        ],
        [
          NaN,
          NaN,
          NaN
        ],
        [
          NaN,
          NaN,
          NaN
        ]
      ],
      "joints3d_smooth_mm": [
        [
          NaN,
          NaN,
          NaN
        ],
        [
          NaN,
          NaN,
          NaN
        ],
        [
          NaN,
          NaN,
          NaN
        ],
        [
          NaN,
          NaN,
          NaN
        ],
        [
          NaN,
          NaN,
          NaN
        ],
        [
          NaN,
          NaN,
          NaN
        ],
        [
          NaN,
          NaN,
          NaN
        ],
        [
          NaN,
          NaN,
          NaN
        ],
        [
          NaN,
          NaN,
          NaN
        ],
        [
          NaN,
          NaN,
          NaN
        ],
        [
          NaN,
          NaN,
          NaN
        ],
        [
          NaN,
          NaN,
          NaN
        ],
        [
          NaN,
          NaN,
          NaN
        ],
        [
          NaN,
          NaN,
          NaN
        ],
        [
          NaN,
          NaN,
          NaN
        ],
        [
          NaN,
          NaN,
          NaN
        ],
        [
          NaN,
          NaN,
          NaN
        ],
        [
          NaN,
          NaN,
          NaN
        ],
        [
          NaN,
          NaN,
          NaN
        ],
        [
          NaN,
          NaN,
          NaN
        ],
        [
          NaN,
          NaN,
          NaN
        ]
      ],
      "joints3d_triangulated_mm": [
        [
          NaN,
          NaN,
          NaN
        ],
        [
          NaN,
          NaN,
          NaN
        ],
        [
          NaN,
          NaN,
          NaN
        ],
        [
          NaN,
          NaN,
          NaN
        ],
        [
          NaN,
          NaN,
          NaN
        ],
        [
          NaN,
          NaN,
          NaN
        ],
        [
          NaN,
          NaN,
          NaN
        ],
        [
          NaN,
          NaN,
          NaN
        ],
        [
          NaN,
          NaN,
          NaN
        ],
        [
          NaN,
          NaN,
          NaN
        ],
        [
          NaN,
          NaN,
          NaN
        ],
        [
          NaN,
          NaN,
          NaN
        ],
        [
          NaN,
          NaN,
          NaN
        ],
        [
          NaN,
          NaN,
          NaN
        ],
        [
          NaN,
          NaN,
          NaN
        ],
        [
          NaN,
          NaN,
          NaN
        ],
        [
          NaN,
          NaN,
          NaN
        ],
        [
          NaN,
          NaN,
          NaN
        ],
        [
          NaN,
          NaN,
          NaN
        ],
        [
          NaN,
          NaN,
          NaN
        ],
        [
          NaN,
          NaN,
          NaN
        ]
      ]
    },
    {
      "hand_slot": 1,
      "det_id_cam0": 0,
      "confidence": 0.863628,
      "bbox_conf_cam0": 0.865823,
      "bbox_xyxy_cam0": [
        807.0,
        244.0,
        950.0,
        401.0
      ],