{
  "sequence": "20260604_203918_008",
  "camera": "cam0",
  "frame_index": 100,
  "image": "inputs/cam0/cam0_frame_000100.jpg",
  "coordinate_units": "mm",
  "camera_params": {
    "K": [
      [
        545.0952326527841,
        0.0,
        648.0192974457191
      ],
      [
        0.0,
        544.3053037179642,
        362.6286633003111
      ],
      [
        0.0,
        0.0,
        1.0
      ]
    ],
    "dist": [
      -0.3594074223645207,
      0.12771476197145473,
      0.0,
      0.0,
      0.0
    ],
    "image_size_hw": [
      720,
      1280
    ]
  },
  "hands": [
    {
      "hand_slot": 0,
      "det_id_cam0": 1,
      "confidence": 0.850811,
      "bbox_conf_cam0": 0.859447,
      "bbox_xyxy_cam0": [
        555.0,
        212.0,
        717.0,
        408.0
      ],
      "joints2d_cam0_px": [
        [
          620.853638,
          374.882629
        ],
        [
          654.117249,
          355.400879
        ],
        [
          677.500427,
          335.956238
        ],
        [
          689.330872,
          312.965485
        ],
        [
          691.172119,
          286.911865
        ],
        [
          656.434937,
          289.075287
        ],
        [
          665.943848,
          260.977539
        ],
        [
          672.010864,
          249.996262
        ],
        [
          676.640442,
          247.082581
        ],
        [
          633.023193,
          278.718933
        ],
        [
          635.371704,
          250.905548
        ],
        [
          639.387695,
          239.964676
        ],
        [
          646.249634,
          234.670807
        ],
        [
          608.946533,
          288.678772
        ],
        [
          613.304749,
          261.017395
        ],
        [
          617.992065,
          245.608139
        ],
        [
          627.120239,
          237.823669
        ],
        [
          592.457886,
          299.888123
        ],
        [
          589.89093,
          280.214874
        ],
        [
          593.410156,
          272.495911
        ],
        [
          602.306213,
          272.22937
        ]
      ],
      "depth_cam0_mm": [
        448.46048,
        460.769287,
        462.633362,
        463.979431,
        488.959167,
        451.645203,
        455.137299,
        464.064117,
        484.117493,
        448.595703,
        461.04248,
        471.672089,
        485.748993,
        449.464325,
        459.604279,
        466.87442,
        477.806641,
        452.40683,
        464.759155,
        470.880493,
        474.074493
      ],
      "joints3d_raw_mm": [
        [
          -22.239906,
          13.582855,
          448.46048
        ],
        [
          5.290601,
          -2.651372,
          460.769287
        ],
        [
          25.183855,
          -19.521488,
          462.633362
        ],
        [
          35.444271,
          -38.724678,
          463.979431
        ],
        [
          39.147289,
          -64.607811,
          488.959167
        ],
        [
          7.117732,
          -58.339821,
          451.645203
        ],
        [
          15.254968,
          -81.402084,
          455.137299
        ],
        [
          20.833281,
          -93.161469,
          464.064117
        ],
        [
          25.917229,
          -101.916496,
          484.117493
        ],
        [
          -12.325018,
          -66.336731,
          448.595703
        ],
        [
          -10.717316,
          -91.204826,
          461.04248
        ],
        [
          -7.474042,
          -103.543282,
          471.672089
        ],
        [
          -1.509184,
          -113.050575,
          485.748993
        ],
        [
          -32.323048,
          -57.467144,
          449.464325
        ],
        [
          -29.490761,
          -81.82589,
          459.604279
        ],
        [
          -25.993298,
          -96.913757,
          466.87442
        ],
        [
          -18.535601,
          -107.586113,
          477.806641
        ],
        [
          -46.30571,
          -47.686298,
          452.40683
        ],
        [
          -49.940285,
          -65.562965,
          464.759155
        ],
        [
          -47.602001,
          -74.290535,
          470.880493
        ],
        [
          -40.179771,
          -78.261551,
          474.074493
        ]
      ],
      "joints3d_smooth_mm": [
        [
          -22.703537,
          14.007907,
          450.174011
        ],
        [
          4.976707,
          -2.313933,
          462.115601
        ],
        [
          24.92572,
          -19.181332,
          464.239746
        ],
        [
          35.336964,
          -38.374805,
          464.971436
        ],
        [
          40.02961,
          -63.937321,
          488.608917
        ],
        [
          6.884039,
          -58.072708,
          452.455505
        ],
        [
          15.166049,
          -80.976715,
          455.44989
        ],
        [
          20.741013,
          -92.769707,
          464.544983
        ],
        [
          25.945805,
          -101.775612,
          484.284546
        ],
        [
          -12.60362,
          -66.16597,
          449.638428
        ],
        [
          -10.913847,
          -90.97802,
          461.261536
        ],
        [
          -7.713069,
          -103.423302,
          471.874756
        ],
        [
          -1.732297,
          -113.242325,
          485.731201
        ],
        [
          -32.710114,
          -57.408379,
          450.9534
        ],
        [
          -29.821203,
          -81.95314,
          461.421448
        ],
        [
          -26.284594,
          -97.071877,
          469.190643
        ],
        [
          -18.565983,
          -107.723221,
          480.139984
        ],
        [
          -46.808651,
          -47.714161,
          454.315552
        ],
        [
          -50.661732,
          -65.950577,
          467.97171
        ],
        [
          -48.115196,
          -74.743118,
          474.28598
        ],
        [
          -40.62458,
          -78.937103,
          478.261932
        ]
      ],