{
  "source_json": "20260604_203918_008/stereoParams_20260604_fixed_native.json",
  "world_units": "mm",
  "cam0": {
    "K": [
      [
        545.0952326527841,
        0.0,
        648.0192974457191
      ],
      [
        0.0,
        544.3053037179642,
        362.6286633003111
      ],
      [
        0.0,
        0.0,
        1.0
      ]
    ],
    "dist": [
      -0.3594074223645207,
      0.12771476197145473,
      0.0,
      0.0,
      0.0
    ],
    "image_size_hw": [
      720,
      1280
    ]
  },
  "cam1": {
    "K": [
      [
        537.401847996756,
        0.0,
        641.6068030399728
      ],
      [
        0.0,
        536.7666487842423,
        361.08931906834505
      ],
      [
        0.0,
        0.0,
        1.0
      ]
    ],
    "dist": [
      -0.37041726958959686,
      0.14704293858900175,
      0.0,
      0.0,
      0.0
    ],
    "image_size_hw": [
      720,
      1280
    ]
  },
  "assumption": "camera1/camera_1 corresponds to cam0, camera2/camera_2 corresponds to cam1"
}
