{
  "checkpoint": "logs/train/runs/train_RenderEgoMANO_4gpu_from_wilor_60epoch_bs120_v1/checkpoints/step=063312-val_loss=0.84825.ckpt",
  "config": "logs/train/runs/train_RenderEgoMANO_4gpu_from_wilor_60epoch_bs120_v1/model_config.yaml",
  "tar_glob": "/c20250503/Robert/HaMeR_datasets/hamer_training_data/dataset_tars/hoi4d-clean-test-5000/{000000..000004}.tar",
  "num_samples": 5000,
  "num_eval_joints": 105000,
  "mean_px": 27.8982123598613,
  "median_px": 22.68063936257459,
  "rmse_px": 34.60165950138687,
  "p90_px": 55.05259482634456,
  "p95_px": 68.11914673870525,
  "max_px": 226.42129520288776,
  "per_joint_mean_px": [
    22.913678299418315,
    25.765454255573143,
    26.453356621188032,
    19.025179267348854,
    22.116171230666346,
    17.970741130984372,
    16.40857084583224,
    21.769881054164678,
    34.50304442775201,
    17.424287771551914,
    19.087905148816855,
    30.629648842669393,
    43.883367138953176,
    23.48922147250222,
    22.768886105717435,
    30.78422952889725,
    49.546706922984214,
    32.11389121731642,
    28.673128338603668,
    32.45465301970914,
    48.37381599607789
  ]
}
