{
  "checkpoint": "logs/train/runs/train_hoi4d_clean_renderegomano_half_4gpu_from_wilor_60epoch_bs120_v1/checkpoints/step=063312-val_loss=0.87984.ckpt",
  "config": "logs/train/runs/train_hoi4d_clean_renderegomano_half_4gpu_from_wilor_60epoch_bs120_v1/model_config.yaml",
  "tar_glob": "/c20250503/Robert/HaMeR_datasets/hamer_training_data/dataset_tars/hoi4d-clean-test-5000/{000000..000004}.tar",
  "num_samples": 5000,
  "num_eval_joints": 105000,
  "mean_px": 10.486533149077552,
  "median_px": 7.81008355432097,
  "rmse_px": 14.412824478016644,
  "p90_px": 21.09511567092122,
  "p95_px": 27.49131530084035,
  "max_px": 212.78280970580894,
  "per_joint_mean_px": [
    9.629872023734588,
    8.984798323350255,
    8.134800125153951,
    9.214900499083397,
    10.925408590352554,
    8.657617353313208,
    8.324885911836244,
    9.743791521608813,
    12.88760267213289,
    8.684023425132605,
    9.380624405541598,
    10.478784876861187,
    13.408627242609967,
    9.081904554253693,
    9.956582848212182,
    11.01114524436126,
    14.066817053356854,
    10.346213816562049,
    10.872976196926535,
    12.001652844689653,
    14.193926739517769
  ]
}
