{
  "checkpoint": "logs/train/runs/train_hoi4d_clean_renderegomano_half_8gpu_from_wilor_60epoch_bs120_v1/checkpoints/step=023328-val_loss=1.05468.ckpt",
  "config": "logs/train/runs/train_hoi4d_clean_renderegomano_half_8gpu_from_wilor_60epoch_bs120_v1/model_config.yaml",
  "tar_glob": "/c20250503/Robert/HaMeR_datasets/hamer_training_data/dataset_tars/hoi4d-clean-test-5000/{000000..000004}.tar",
  "num_samples": 5000,
  "num_eval_joints": 105000,
  "mean_px": 10.665057112001486,
  "median_px": 8.022192544662163,
  "rmse_px": 14.576455423198176,
  "p90_px": 21.421940825598973,
  "p95_px": 28.02563592901531,
  "max_px": 212.38245423947453,
  "per_joint_mean_px": [
    10.018801031728044,
    9.374840688060916,
    8.543264925775782,
    9.627067500005538,
    11.118944114113946,
    8.891559964102285,
    8.460606555811975,
    9.839945194338641,
    12.910849655272992,
    8.867425136817088,
    9.713548378124909,
    10.715801104035242,
    13.472606879559137,
    9.150272922757408,
    10.383972230876084,
    11.34416772607003,
    14.253576306521868,
    10.299932559736744,
    10.822363867578755,
    11.931508811400848,
    14.377168335769957
  ]
}
