{
  "checkpoint": "logs/train/runs/train_hoi4d_clean_4gpu_from_wilor_60epoch_bs120_v1/checkpoints/step=030656-val_loss=0.62344.ckpt",
  "cfg_path": "logs/train/runs/train_hoi4d_clean_4gpu_from_wilor_60epoch_bs120_v1/model_config.yaml",
  "tar_glob": "/c20250503/Robert/HaMeR_datasets/hamer_training_data/dataset_tars/hoi4d-clean-test-5000/{000000..000004}.tar",
  "num_samples_seen": 5000,
  "num_samples": 5000,
  "num_skipped_invalid_mano": 0,
  "num_eval_joints": 105000,
  "metric": {
    "pa_mpjpe_mm": "Per-sample mean 3D joint error after similarity(Procrustes) alignment, in millimeters.",
    "root_mpjpe_mm": "Per-sample mean 3D joint error after wrist/root alignment only, in millimeters. Report this as PJ/root-MPJPE."
  },
  "mean_pa_mpjpe_mm": 5.021359443664551,
  "median_pa_mpjpe_mm": 4.470279216766357,
  "p90_pa_mpjpe_mm": 7.8879065990448005,
  "p95_pa_mpjpe_mm": 9.50772819519043,
  "max_pa_mpjpe_mm": 25.36559295654297,
  "mean_root_mpjpe_mm": 24.521106719970703,
  "median_root_mpjpe_mm": 22.717571258544922,
  "p90_root_mpjpe_mm": 40.654833221435545,
  "p95_root_mpjpe_mm": 50.915185546875016,
  "max_root_mpjpe_mm": 116.51555633544922,
  "per_joint_pa_mpjpe_mm": [
    4.873640537261963,
    3.988234281539917,
    4.19639253616333,
    6.450704097747803,
    10.768054962158203,
    3.3167335987091064,
    3.1241040229797363,
    4.474893569946289,
    7.3284502029418945,
    3.187490463256836,
    3.2235026359558105,
    4.155239582061768,
    8.793731689453125,
    2.810988664627075,
    2.8192780017852783,
    4.156155109405518,
    7.717397689819336,
    3.196554183959961,
    3.316992998123169,
    4.895427227020264,
    8.654586791992188
  ],
  "per_joint_root_mpjpe_mm": [
    0.0,
    9.30834674835205,
    17.38062286376953,
    23.437131881713867,
    29.98089599609375,
    20.985267639160156,
    26.542346954345703,
    30.54433822631836,
    35.15689468383789,
    21.744884490966797,
    27.19455337524414,
    29.939224243164062,
    33.776344299316406,
    19.70937728881836,
    24.783092498779297,
    29.331483840942383,
    35.176055908203125,
    18.896778106689453,
    22.47116470336914,
    26.466331481933594,
    32.11813735961914
  ]
}
