{
  "checkpoint": "logs/train/runs/train_RenderEgoMANO_4gpu_from_wilor_60epoch_bs120_v1/checkpoints/step=063312-val_loss=0.84825.ckpt",
  "config": "logs/train/runs/train_RenderEgoMANO_4gpu_from_wilor_60epoch_bs120_v1/model_config.yaml",
  "tar_glob": "/c20250503/Robert/HaMeR_datasets/hamer_training_data/dataset_tars/RenderEgoMANO-test-5000/{000000..000004}.tar",
  "num_samples": 5000,
  "num_eval_joints": 105000,
  "mean_px": 2.6103311509837734,
  "median_px": 2.1257663598829772,
  "rmse_px": 3.225283290953657,
  "p90_px": 4.950787572672641,
  "p95_px": 6.243708819388287,
  "max_px": 46.89289189758901,
  "per_joint_mean_px": [
    3.433348916631571,
    2.6361446187344297,
    3.0391676852972647,
    3.427986973265414,
    4.526658088020647,
    2.401014185127312,
    2.268920881353493,
    2.28197514454936,
    3.0995646053648604,
    2.038928037036452,
    2.1653116889658164,
    1.958938056275116,
    2.5667575281379222,
    2.067415929052215,
    2.037636421036267,
    2.097465519765832,
    2.62502318470032,
    2.5813071547117157,
    2.1799827347669547,
    2.4084780285325715,
    2.9773207881503296
  ]
}
