{
  "checkpoint": "logs/train/runs/train_RenderEgoMANO_4gpu_from_wilor_60epoch_bs120_v1/checkpoints/step=063312-val_loss=0.84825.ckpt",
  "cfg_path": "logs/train/runs/train_RenderEgoMANO_4gpu_from_wilor_60epoch_bs120_v1/model_config.yaml",
  "tar_glob": "/c20250503/Robert/HaMeR_datasets/hamer_training_data/dataset_tars/RenderEgoMANO-test-5000/{000000..000004}.tar",
  "num_samples_seen": 5000,
  "num_samples": 5000,
  "num_skipped_invalid_3d": 0,
  "num_eval_joints": 105000,
  "metric": "PA-MPJPE/PJ: mean Euclidean joint error after similarity(Procrustes) alignment, in millimeters.",
  "mean_pa_mpjpe_mm": 1.7327367067337036,
  "median_pa_mpjpe_mm": 1.5647053718566895,
  "p90_pa_mpjpe_mm": 2.8121926069259655,
  "p95_pa_mpjpe_mm": 3.206925141811371,
  "max_pa_mpjpe_mm": 6.730027675628662,
  "mean_root_mpjpe_mm": 2.55761981010437,
  "median_root_mpjpe_mm": 2.3781557083129883,
  "p90_root_mpjpe_mm": 3.9751117467880257,
  "p95_root_mpjpe_mm": 4.5769078731536865,
  "max_root_mpjpe_mm": 8.22239875793457,
  "per_joint_pa_mpjpe_mm": [
    1.7344000339508057,
    1.555326223373413,
    1.5915138721466064,
    1.890445351600647,
    2.9729819297790527,
    1.7931013107299805,
    1.6732003688812256,
    1.5624831914901733,
    2.3431341648101807,
    1.246641755104065,
    1.4422277212142944,
    1.323676586151123,
    2.0351908206939697,
    1.272180199623108,
    1.380645990371704,
    1.4034229516983032,
    2.1394693851470947,
    1.815440058708191,
    1.3779563903808594,
    1.5204260349273682,
    2.3136067390441895
  ]
}
