{
  "checkpoint": "logs/train/runs/train_hoi4d_clean_renderegomano_quarter_4gpu_from_wilor_60epoch_bs120_v1/checkpoints/step=063312-val_loss=0.87861.ckpt",
  "config": "logs/train/runs/train_hoi4d_clean_renderegomano_quarter_4gpu_from_wilor_60epoch_bs120_v1/model_config.yaml",
  "tar_glob": "/c20250503/Robert/HaMeR_datasets/hamer_training_data/dataset_tars/hoi4d-clean-test-5000/{000000..000004}.tar",
  "num_samples": 5000,
  "num_eval_joints": 105000,
  "mean_px": 10.489689319958808,
  "median_px": 7.867796299498487,
  "rmse_px": 14.347228585581815,
  "p90_px": 21.02147854213651,
  "p95_px": 27.39173591273018,
  "max_px": 211.26648048973178,
  "per_joint_mean_px": [
    10.28278617484649,
    9.405377114865766,
    8.32780387996674,
    9.240912771764297,
    11.356512359882927,
    8.76200622074103,
    8.219726975067205,
    9.682375556804814,
    12.697214809068008,
    8.592187601652357,
    9.201050824252523,
    10.156935782964828,
    13.613498687792525,
    8.73504376428844,
    9.600044363844706,
    10.946219813594206,
    14.562939744079632,
    9.831603262586645,
    10.409620764063423,
    11.815305593092532,
    14.699890385792921
  ]
}
