{
  "image": "sample_frame.png",
  "image_path": "sample_outputs/assets/sample_frame.png",
  "width": 960,
  "height": 640,
  "readable": true,
  "num_hands": 1,
  "hands": [
    {
      "hand_index": 0,
      "source_index": 0,
      "is_right": true,
      "hand_side": "right",
      "bbox_xyxy": [
        340,
        72,
        660,
        430
      ],
      "bbox_score": 0.982,
      "box_center_xy": [
        500.0,
        251.0
      ],
      "box_size": 358.0,
      "img_size_wh": [
        960,
        640
      ],
      "focal_length_px": 5000.0,
      "pred_cam_crop": [
        0.83,
        0.012,
        -0.018
      ],
      "cam_t_full": [
        0.012,
        -0.018,
        0.642
      ],
      "pred_mano_params": {
        "global_orient": {
          "shape": [
            1,
            3
          ],
          "values": [
            [
              0.012,
              -0.044,
              0.008
            ]
          ]
        },
        "hand_pose": {
          "shape": [
            1,
            45
          ],
          "values": [
            [
              0.0,
              0.02524,
              0.02728,
              0.00423,
              -0.0227,
              -0.02877,
              -0.00838,
              0.01971,
              0.02968,
              0.01236,
              -0.01632,
              -0.03,
              -0.0161,
              0.01261,
              0.02972,
              0.01951,
              -0.00864,
              -0.02884,
              -0.02253,
              0.0045,
              0.02739,
              0.0251,
              -0.00027,
              -0.02539,
              -0.02717,
              -0.00397,
              0.02288,
              0.02869,
              0.00813,
              -0.01991,
              -0.02964,
              -0.01212,
              0.01654,
              0.03,
              0.01587,
              -0.01285,
              -0.02975,
              -0.01931,
              0.00889,
              0.02891,
              0.02235,
              -0.00476,
              -0.0275,
              -0.02495,
              0.00053
            ]
          ]
        },
        "betas": {
          "shape": [
            1,
            10
          ],
          "values": [
            [
              0.01,
              0.0054,
              -0.00416,
              -0.0099,
              -0.00654,
              0.00284,
              0.0096,
              0.00754,
              -0.00146,
              -0.00911
            ]
          ]
        }
      }
    }
  ]
}
