{
  "checkpoint": "logs/train/runs/train_RenderEgoMANO_4gpu_from_wilor_60epoch_bs120_v1/checkpoints/step=063312-val_loss=0.84825.ckpt",
  "cfg_path": "logs/train/runs/train_RenderEgoMANO_4gpu_from_wilor_60epoch_bs120_v1/model_config.yaml",
  "tar_glob": "/c20250503/Robert/HaMeR_datasets/hamer_training_data/dataset_tars/hoi4d-clean-test-5000/{000000..000004}.tar",
  "num_samples_seen": 5000,
  "num_samples": 5000,
  "num_skipped_invalid_mano": 0,
  "num_eval_joints": 105000,
  "metric": "PA-MPJPE/PJ from GT MANO parameters: mean Euclidean joint error after similarity(Procrustes) alignment, in millimeters.",
  "mean_pa_mpjpe_mm": 13.764531135559082,
  "median_pa_mpjpe_mm": 12.903914451599121,
  "p90_pa_mpjpe_mm": 20.519117355346683,
  "p95_pa_mpjpe_mm": 22.811594486236576,
  "max_pa_mpjpe_mm": 37.80750274658203,
  "mean_root_mpjpe_mm": 35.966915130615234,
  "median_root_mpjpe_mm": 30.590858459472656,
  "p90_root_mpjpe_mm": 59.904447555542,
  "p95_root_mpjpe_mm": 69.35828247070313,
  "max_root_mpjpe_mm": 182.7256317138672,
  "per_joint_pa_mpjpe_mm": [
    18.52637481689453,
    16.773420333862305,
    14.057061195373535,
    14.812906265258789,
    20.88336944580078,
    10.662680625915527,
    12.271602630615234,
    10.228657722473145,
    17.637479782104492,
    9.533525466918945,
    8.634347915649414,
    8.962437629699707,
    18.40894889831543,
    9.029446601867676,
    8.888391494750977,
    8.51483154296875,
    25.237680435180664,
    11.164443016052246,
    9.638954162597656,
    11.173576354980469,
    24.015087127685547
  ]
}
