{
  "image": "frame_000200.jpg",
  "frame_index": 200,
  "hands": [
    {
      "det_index": 0,
      "is_right": true,
      "class_id": 1,
      "bbox_xyxy": [
        807.0,
        244.0,
        950.0,
        401.0
      ],
      "bbox_conf": 0.8658232092857361,
      "bbox_area": 22451.0,
      "bbox_center": [878.5, 322.5],
      "kpts_2d_xy": [
        [910.5631103515625, 369.4033203125],
        [910.9674072265625, 332.4961853027344],
        [905.2568969726562, 301.2888488769531],
        [886.0364990234375, 278.7738342285156],
        [849.9044189453125, 266.0127258300781],
        [875.9550170898438, 275.78131103515625],
        [847.7667846679688, 254.93203735351562],
        [842.2952880859375, 266.84246826171875],
        [846.3985595703125, 286.752197265625],
        [854.30322265625, 283.914794921875],
        [841.0606689453125, 288.54595947265625],
        [853.2508544921875, 307.7498779296875],
        [874.3869018554688, 326.1811218261719],
        [841.1697998046875, 309.9217224121094],
        [832.3170776367188, 308.40234375],
        [848.861083984375, 327.17645263671875],
        [871.8214111328125, 343.0257263183594],
        [831.9290771484375, 332.0608215332031],
        [828.3455200195312, 330.1728210449219],
        [844.8637084960938, 340.1607666015625],
        [865.1602172851562, 348.3512268066406]
      ],
      "wilor_cam_t_full": [
        0.14947447180747986,
        0.0021435916423797607,
        22.636960983276367
      ],
      "wilor_focal_length": 25000.0
    },
    {
      "det_index": 1,
      "is_right": true,
      "class_id": 1,
      "bbox_xyxy": [
        141.0,
        563.0,
        481.0,
        719.0
      ],
      "bbox_conf": 0.5447449684143066,
      "bbox_area": 53040.0,
      "bbox_center": [311.0, 641.0],
      "kpts_2d_xy": [
        [386.6816101074219, 708.013427734375],
        [405.41888427734375, 695.6245727539062],
        [421.55328369140625, 715.5182495117188],
        [412.22918701171875, 727.33203125],
        [367.339111328125, 784.63134765625],
        [288.73223876953125, 670.5750732421875],
        [222.45391845703125, 673.6178588867188],
        [235.22579956054688, 719.8128662109375],
        [280.92010498046875, 756.9089965820312],
        [237.55215454101562, 697.0379638671875],
        [207.26202392578125, 736.252197265625],
        [253.84600830078125, 767.6669311523438],
        [308.4974670410156, 766.9405517578125],
        [224.03009033203125, 738.1183471679688],
        [204.61032104492188, 759.3031005859375],
        [254.89816284179688, 790.741943359375],
        [307.2157287597656, 792.0928344726562],
        [224.52215576171875, 775.9119873046875],
        [203.79998779296875, 787.09375],
        [246.2509765625, 802.9063720703125],
        [281.7738037109375, 794.52099609375]
      ],
      "wilor_cam_t_full": [
        -0.2005821168422699,
        0.1383257508277893,
        10.386655807495117
      ],
      "wilor_focal_length": 25000.0
    },
    {
      "det_index": 2,
      "is_right": true,
      "class_id": 1,
      "bbox_xyxy": [
        817.0,
        681.0,
        966.0,
        719.0
      ],
      "bbox_conf": 0.37794482707977295,
      "bbox_area": 5662.0,
      "bbox_center": [891.5, 700.0],
      "kpts_2d_xy": [
        [853.627685546875, 720.7578735351562],
        [863.28369140625, 719.7017822265625],
        [878.990478515625, 713.2129516601562],
        [895.12841796875, 708.873779296875],
        [916.71875, 705.1500244140625],
        [895.862060546875, 696.1060180664062],
        [915.9402465820312, 697.02294921875],
        [928.5118408203125, 702.320068359375],
        [942.033447265625, 709.4945678710938],
        [904.6109008789062, 694.570068359375],
        [923.5765380859375, 697.3550415039062],
        [936.3409423828125, 703.614501953125],
        [947.7176513671875, 713.0760498046875],
        [904.3670043945312, 701.9711303710938],
        [920.84033203125, 700.0675659179688],
        [934.94189453125, 705.943115234375],
        [945.3099365234375, 714.607421875],
        [903.1761474609375, 710.6339721679688],
        [915.6240234375, 708.649169921875],
        [926.974853515625, 710.1827392578125],
        [937.8462524414062, 712.892822265625]
      ],
      "wilor_cam_t_full": [
        0.24361738562583923,
        0.5663054585456848,
        39.679344177246094
      ],
      "wilor_focal_length": 25000.0
    },
    {
      "det_index": 3,
      "is_right": true,
      "class_id": 1,
      "bbox_xyxy": [
        708.0,
        25.0,
        744.0,
        64.0
      ],
      "bbox_conf": 0.15366752445697784,
      "bbox_area": 1404.0,
      "bbox_center": [726.0, 44.5],
      "kpts_2d_xy": [
        [735.758056640625, 54.496063232421875],
        [736.4426879882812, 42.822540283203125],
        [734.3778076171875, 36.731781005859375],
        [730.818603515625, 34.558868408203125],
        [734.181884765625, 35.054443359375],
        [719.3207397460938, 36.276885986328125],
        [719.8914794921875, 30.834259033203125],
        [726.0687255859375, 30.67413330078125],
        [734.39892578125, 31.419464111328125],
        [715.0620727539062, 43.214385986328125],
        [717.0869140625, 41.255401611328125],
        [724.1034545898438, 40.609710693359375],
        [732.790771484375, 39.375213623046875],
        [716.7459716796875, 52.36688232421875],
        [715.2598266601562, 52.816436767578125],
        [720.7238159179688, 53.81988525390625],
        [728.2240600585938, 52.218597412109375],
        [719.8638916015625, 59.289886474609375],
        [718.1864013671875, 59.52801513671875],
        [722.2833251953125, 58.576873779296875],
        [727.3606567382812, 55.78717041015625]
      ],
      "wilor_cam_t_full": [
        0.17958298325538635,
        -0.8840334415435791,
        71.81499481201172
      ],
      "wilor_focal_length": 25000.0
    }
  ]
}
