{
  "image": "frame_000000.jpg",
  "frame_index": 0,
  "hands": [
    {
      "det_index": 0,
      "is_right": false,
      "class_id": 0,
      "bbox_xyxy": [
        594.0,
        207.0,
        761.0,
        403.0
      ],
      "bbox_conf": 0.860691487789154,
      "bbox_area": 32732.0,
      "bbox_center": [677.5, 305.0],
      "kpts_2d_xy": [
        [639.0180053710938, 371.59881591796875],
        [675.98974609375, 361.61175537109375],
        [703.841552734375, 347.4573669433594],
        [722.0817260742188, 327.87158203125],
        [744.159423828125, 306.524658203125],
        [693.9723510742188, 297.70611572265625],
        [714.927734375, 277.610595703125],
        [727.6770629882812, 267.4726257324219],
        [740.2401123046875, 260.18438720703125],
        [673.8927612304688, 282.57293701171875],
        [685.3674926757812, 256.40106201171875],
        [693.5324096679688, 242.62234497070312],
        [704.299072265625, 231.0023651123047],
        [648.4052124023438, 287.333740234375],
        [658.2728881835938, 260.537841796875],
        [666.08740234375, 242.0414276123047],
        [677.7088012695312, 227.86961364746094],
        [629.9741821289062, 295.2410888671875],
        [628.2237548828125, 274.41351318359375],
        [629.2520751953125, 259.34075927734375],
        [635.4610595703125, 247.57308959960938]
      ],
      "wilor_cam_t_full": [
        0.09474968910217285,
        0.004970811307430267,
        24.48366355895996
      ],
      "wilor_focal_length": 25000.0
    },
    {
      "det_index": 1,
      "is_right": true,
      "class_id": 1,
      "bbox_xyxy": [
        1060.0,
        299.0,
        1141.0,
        428.0
      ],
      "bbox_conf": 0.8023603558540344,
      "bbox_area": 10449.0,
      "bbox_center": [1100.5, 363.5],
      "kpts_2d_xy": [
        [1085.2506103515625, 418.2174987792969],
        [1078.87353515625, 391.1792297363281],
        [1076.688232421875, 369.1656799316406],
        [1078.80908203125, 351.1683044433594],
        [1086.7261962890625, 339.5889587402344],
        [1110.4986572265625, 357.201416015625],
        [1112.5439453125, 334.43157958984375],
        [1109.348876953125, 320.3026428222656],
        [1103.91455078125, 304.94927978515625],
        [1121.3516845703125, 362.4862060546875],
        [1129.01708984375, 344.7018127441406],
        [1125.9908447265625, 333.2186584472656],
        [1120.783203125, 319.6553649902344],
        [1121.1068115234375, 377.5655517578125],
        [1125.111572265625, 361.3444519042969],
        [1120.1494140625, 352.11920166015625],
        [1111.830078125, 339.90020751953125],
        [1117.115966796875, 389.3819580078125],
        [1112.4609375, 378.535400390625],
        [1102.2685546875, 373.3977355957031],
        [1090.4356689453125, 374.31695556640625]
      ],
      "wilor_cam_t_full": [
        0.518085241317749,
        0.07388349622488022,
        34.49485778808594
      ],
      "wilor_focal_length": 25000.0
    },
    {
      "det_index": 2,
      "is_right": true,
      "class_id": 1,
      "bbox_xyxy": [
        827.0,
        685.0,
        967.0,
        719.0
      ],
      "bbox_conf": 0.3778824806213379,
      "bbox_area": 4760.0,
      "bbox_center": [897.0, 702.0],
      "kpts_2d_xy": [
        [861.0062866210938, 717.930908203125],
        [869.0018310546875, 715.7936401367188],
        [883.5262451171875, 709.3616943359375],
        [899.3697509765625, 705.2901611328125],
        [921.09375, 706.075439453125],
        [904.1333618164062, 695.5982666015625],
        [923.3433227539062, 698.9009399414062],
        [934.1409912109375, 706.404052734375],
        [945.0549926757812, 715.8818359375],
        [914.1227416992188, 696.49560546875],
        [931.6669921875, 701.6898803710938],
        [942.1416625976562, 710.4365234375],
        [949.76806640625, 721.2610473632812],
        [914.109130859375, 705.38720703125],
        [929.917724609375, 705.3826904296875],
        [941.4349365234375, 714.6915283203125],
        [947.798095703125, 724.14404296875],
        [912.6212158203125, 714.9593505859375],
        [925.0665283203125, 714.0426025390625],
        [935.5213623046875, 717.8635864257812],
        [943.6490478515625, 722.8232421875]
      ],
      "wilor_cam_t_full": [
        0.25140073895454407,
        0.5553755164146423,
        39.22930908203125
      ],
      "wilor_focal_length": 25000.0
    },
    {
      "det_index": 3,
      "is_right": false,
      "class_id": 0,
      "bbox_xyxy": [
        828.0,
        680.0,
        960.0,
        719.0
      ],
      "bbox_conf": 0.21014875173568726,
      "bbox_area": 5148.0,
      "bbox_center": [894.0, 699.5],
      "kpts_2d_xy": [
        [857.4547119140625, 724.3626708984375],
        [881.461669921875, 728.68994140625],
        [900.5947265625, 723.447509765625],
        [917.0916137695312, 718.4400634765625],
        [938.1685791015625, 714.8328857421875],
        [911.0943603515625, 702.5079345703125],
        [928.7867431640625, 700.6162109375],
        [939.39892578125, 704.8839111328125],
        [952.0283203125, 710.2508544921875],
        [906.3274536132812, 695.442626953125],
        [923.508056640625, 695.6807250976562],
        [934.4651489257812, 700.7740478515625],
        [947.3810424804688, 708.4735107421875],
        [892.99462890625, 697.9007568359375],
        [910.0255126953125, 695.3789672851562],
        [921.206787109375, 700.8099365234375],
        [934.2111206054688, 708.8634033203125],
        [882.50732421875, 703.14501953125],
        [894.400390625, 699.5819091796875],
        [904.4779052734375, 701.060791015625],
        [916.317626953125, 704.7538452148438]
      ],
      "wilor_cam_t_full": [
        0.4312182068824768,
        0.5559836626052856,
        38.579349517822266
      ],
      "wilor_focal_length": 25000.0
    },
    {
      "det_index": 4,
      "is_right": false,
      "class_id": 0,
      "bbox_xyxy": [
        917.0,
        691.0,
        1062.0,
        719.0
      ],
      "bbox_conf": 0.16129139065742493,
      "bbox_area": 4060.0,
      "bbox_center": [989.5, 705.0],
      "kpts_2d_xy": [
        [992.3683471679688, 718.1011962890625],
        [981.0958251953125, 710.7376708984375],
        [975.0217895507812, 709.2421264648438],
        [971.9254150390625, 708.4790649414062],
        [966.0367431640625, 713.1267700195312],
        [987.49560546875, 703.8854370117188],
        [979.4320068359375, 707.9066162109375],
        [972.0074462890625, 713.9552001953125],
        [962.843994140625, 719.12548828125],
        [995.0147705078125, 710.5565185546875],
        [985.782470703125, 715.8787841796875],
        [977.4118041992188, 721.32275390625],
        [968.056396484375, 724.6940307617188],
        [999.723876953125, 720.335205078125],
        [991.419677734375, 722.0496826171875],
        [982.5167236328125, 727.83056640625],
        [973.3740234375, 730.3519287109375],
        [1001.53955078125, 728.6499633789062],
        [995.5545654296875, 729.712158203125],
        [987.6768798828125, 731.870849609375],
        [980.0185546875, 732.0325927734375]
      ],
      "wilor_cam_t_full": [
        0.9061532020568848,
        0.8182063102722168,
        57.555809020996094
      ],
      "wilor_focal_length": 25000.0
    }
  ]
}
