{
  "checkpoint": "logs/train/runs/train_hoi4d_clean_egofishhands_quarter_4gpu_from_wilor_60epoch_bs120_v1/checkpoints/step=063312-val_loss=0.89867.ckpt",
  "cfg_path": "logs/train/runs/train_hoi4d_clean_egofishhands_quarter_4gpu_from_wilor_60epoch_bs120_v1/model_config.yaml",
  "tar_glob": "/vepfs-mlp2/mlp-public/huyaoqing/hamer/hamer_training_data/dataset_tars/hoi4d-clean-test/{000000..000023}.tar",
  "num_samples_seen": 5000,
  "num_samples": 5000,
  "num_skipped_invalid_mano": 0,
  "num_eval_joints": 105000,
  "metric": {
    "pa_mpjpe_mm": "Per-sample mean 3D joint error after similarity(Procrustes) alignment, in millimeters.",
    "root_mpjpe_mm": "Per-sample mean 3D joint error after wrist/root alignment only, in millimeters. Report this as PJ/root-MPJPE."
  },
  "mean_pa_mpjpe_mm": 5.904383659362793,
  "median_pa_mpjpe_mm": 5.058582305908203,
  "p90_pa_mpjpe_mm": 9.594091320037844,
  "p95_pa_mpjpe_mm": 12.207072639465336,
  "max_pa_mpjpe_mm": 28.314496994018555,
  "mean_root_mpjpe_mm": 24.778284072875977,
  "median_root_mpjpe_mm": 23.186477661132812,
  "p90_root_mpjpe_mm": 41.22885627746582,
  "p95_root_mpjpe_mm": 47.21715888977051,
  "max_root_mpjpe_mm": 115.1376724243164,
  "per_joint_pa_mpjpe_mm": [
    5.793550968170166,
    4.886283874511719,
    4.970966339111328,
    7.67731237411499,
    11.645315170288086,
    3.841674327850342,
    3.7238800525665283,
    5.128278732299805,
    8.365676879882812,
    3.6112112998962402,
    4.088662147521973,
    5.104272842407227,
    9.877885818481445,
    3.3217124938964844,
    3.3686652183532715,
    4.996527194976807,
    9.035487174987793,
    3.8057141304016113,
    3.7981905937194824,
    6.0844316482543945,
    10.866338729858398
  ],
  "per_joint_root_mpjpe_mm": [
    0.0,
    8.792348861694336,
    17.79644012451172,
    24.51255989074707,
    30.655813217163086,
    20.744184494018555,
    26.488550186157227,
    30.651165008544922,
    36.11239242553711,
    21.379304885864258,
    26.785566329956055,
    29.878093719482422,
    34.7978401184082,
    19.703468322753906,
    24.734529495239258,
    29.09637451171875,
    35.35453796386719,
    19.24318504333496,
    22.890216827392578,
    27.362693786621094,
    33.364620208740234
  ]
}
