{
  "checkpoint": "logs/train/runs/train_hoi4d_clean_renderegomano_half_8gpu_from_wilor_60epoch_bs120_v1/checkpoints/step=023328-val_loss=1.05468.ckpt",
  "cfg_path": "logs/train/runs/train_hoi4d_clean_renderegomano_half_8gpu_from_wilor_60epoch_bs120_v1/model_config.yaml",
  "tar_glob": "/c20250503/Robert/HaMeR_datasets/hamer_training_data/dataset_tars/hoi4d-clean-test-5000/{000000..000004}.tar",
  "num_samples_seen": 5000,
  "num_samples": 5000,
  "num_skipped_invalid_mano": 0,
  "num_eval_joints": 105000,
  "metric": {
    "pa_mpjpe_mm": "Per-sample mean 3D joint error after similarity(Procrustes) alignment, in millimeters.",
    "root_mpjpe_mm": "Per-sample mean 3D joint error after wrist/root alignment only, in millimeters. Report this as PJ/root-MPJPE."
  },
  "mean_pa_mpjpe_mm": 5.016738414764404,
  "median_pa_mpjpe_mm": 4.404326438903809,
  "p90_pa_mpjpe_mm": 7.9430418014526385,
  "p95_pa_mpjpe_mm": 9.598732042312623,
  "max_pa_mpjpe_mm": 25.835948944091797,
  "mean_root_mpjpe_mm": 24.124961853027344,
  "median_root_mpjpe_mm": 22.39208984375,
  "p90_root_mpjpe_mm": 40.7269645690918,
  "p95_root_mpjpe_mm": 50.501284217834474,
  "max_root_mpjpe_mm": 116.00188446044922,
  "per_joint_pa_mpjpe_mm": [
    4.893036842346191,
    3.9642839431762695,
    4.283878326416016,
    6.520192623138428,
    10.55994987487793,
    3.3514204025268555,
    3.2216806411743164,
    4.523345470428467,
    7.589206218719482,
    3.2001125812530518,
    3.310276508331299,
    4.101738452911377,
    8.688735961914062,
    2.8027660846710205,
    2.7589075565338135,
    4.106922626495361,
    7.594354629516602,
    3.173893690109253,
    3.2799057960510254,
    4.795636177062988,
    8.631224632263184
  ],
  "per_joint_root_mpjpe_mm": [
    0.0,
    9.161060333251953,
    17.178119659423828,
    23.250431060791016,
    30.07842445373535,
    20.398479461669922,
    25.711353302001953,
    29.644119262695312,
    34.49750900268555,
    21.121936798095703,
    26.549654006958008,
    29.38241195678711,
    33.3231086730957,
    19.219989776611328,
    24.248628616333008,
    28.888343811035156,
    34.87147521972656,
    18.55888557434082,
    22.139402389526367,
    26.261110305786133,
    32.13962936401367
  ]
}
