{
  "checkpoint": "logs/train/runs/train_hoi4d_clean_renderegomano_half_4gpu_from_wilor_60epoch_bs120_v1/checkpoints/step=063312-val_loss=0.87984.ckpt",
  "cfg_path": "logs/train/runs/train_hoi4d_clean_renderegomano_half_4gpu_from_wilor_60epoch_bs120_v1/model_config.yaml",
  "tar_glob": "/c20250503/Robert/HaMeR_datasets/hamer_training_data/dataset_tars/hoi4d-clean-test-5000/{000000..000004}.tar",
  "num_samples_seen": 5000,
  "num_samples": 5000,
  "num_skipped_invalid_mano": 0,
  "num_eval_joints": 105000,
  "metric": {
    "pa_mpjpe_mm": "Per-sample mean 3D joint error after similarity(Procrustes) alignment, in millimeters.",
    "root_mpjpe_mm": "Per-sample mean 3D joint error after wrist/root alignment only, in millimeters. Report this as PJ/root-MPJPE."
  },
  "mean_pa_mpjpe_mm": 4.9766974449157715,
  "median_pa_mpjpe_mm": 4.389948844909668,
  "p90_pa_mpjpe_mm": 7.863977146148683,
  "p95_pa_mpjpe_mm": 9.513430976867678,
  "max_pa_mpjpe_mm": 26.479108810424805,
  "mean_root_mpjpe_mm": 23.91329002380371,
  "median_root_mpjpe_mm": 22.180660247802734,
  "p90_root_mpjpe_mm": 40.490104293823244,
  "p95_root_mpjpe_mm": 50.35657844543458,
  "max_root_mpjpe_mm": 120.2818603515625,
  "per_joint_pa_mpjpe_mm": [
    4.800678253173828,
    3.9420993328094482,
    4.270336151123047,
    6.407252788543701,
    10.600669860839844,
    3.2930850982666016,
    3.13786244392395,
    4.49520206451416,
    7.374564170837402,
    3.1668200492858887,
    3.2362918853759766,
    4.061927795410156,
    8.476362228393555,
    2.8056819438934326,
    2.8053979873657227,
    4.1238298416137695,
    7.56631326675415,
    3.175863265991211,
    3.3148882389068604,
    4.869163513183594,
    8.586349487304688
  ],
  "per_joint_root_mpjpe_mm": [
    0.0,
    9.153548240661621,
    17.091482162475586,
    22.902507781982422,
    29.65855598449707,
    20.20677375793457,
    25.53815460205078,
    29.475183486938477,
    34.23708724975586,
    20.92286491394043,
    26.34642219543457,
    29.207550048828125,
    33.06956481933594,
    19.025861740112305,
    24.084779739379883,
    28.719972610473633,
    34.54729080200195,
    18.33683204650879,
    21.98351287841797,
    26.00609016418457,
    31.665178298950195
  ]
}
