{
  "checkpoint": "pretrained_models/wilor_final.ckpt",
  "cfg_path": "pretrained_models/model_config.yaml",
  "tar_glob": "/c20250503/Robert/HaMeR_datasets/hamer_training_data/dataset_tars/hoi4d-clean-test-5000/{000000..000004}.tar",
  "num_samples_seen": 5000,
  "num_samples": 5000,
  "num_skipped_invalid_mano": 0,
  "num_eval_joints": 105000,
  "metric": "PA-MPJPE/PJ from GT MANO parameters: mean Euclidean joint error after similarity(Procrustes) alignment, in millimeters.",
  "mean_pa_mpjpe_mm": 9.922935485839844,
  "median_pa_mpjpe_mm": 9.465433120727539,
  "p90_pa_mpjpe_mm": 13.933536052703857,
  "p95_pa_mpjpe_mm": 16.5695689201355,
  "max_pa_mpjpe_mm": 31.961162567138672,
  "mean_root_mpjpe_mm": 27.464921951293945,
  "median_root_mpjpe_mm": 24.62712860107422,
  "p90_root_mpjpe_mm": 44.663485336303744,
  "p95_root_mpjpe_mm": 51.20096187591553,
  "max_root_mpjpe_mm": 116.85111999511719,
  "per_joint_pa_mpjpe_mm": [
    11.481229782104492,
    8.823892593383789,
    7.213129043579102,
    11.858293533325195,
    16.24271583557129,
    8.65993881225586,
    7.019270896911621,
    7.2815752029418945,
    13.538734436035156,
    8.7052001953125,
    7.226861000061035,
    7.8675537109375,
    14.759198188781738,
    7.71442985534668,
    5.84611177444458,
    7.014693737030029,
    14.98066520690918,
    9.117059707641602,
    6.854700565338135,
    8.920181274414062,
    17.256309509277344
  ]
}
