{
  "checkpoint": "logs/train/runs/train_hoi4d_clean_egofishhands_quarter_8gpu_from_wilor_60epoch_bs60_v1/checkpoints/last.ckpt",
  "cfg_path": "logs/train/runs/train_hoi4d_clean_egofishhands_quarter_8gpu_from_wilor_60epoch_bs60_v1/model_config.yaml",
  "tar_glob": "/vepfs-mlp2/mlp-public/huyaoqing/hamer/hamer_training_data/dataset_tars/hoi4d-clean-test/{000000..000023}.tar",
  "num_samples_seen": 5000,
  "num_samples": 5000,
  "num_skipped_invalid_mano": 0,
  "num_eval_joints": 105000,
  "metric": {
    "pa_mpjpe_mm": "Per-sample mean 3D joint error after similarity(Procrustes) alignment, in millimeters.",
    "root_mpjpe_mm": "Per-sample mean 3D joint error after wrist/root alignment only, in millimeters. Report this as PJ/root-MPJPE."
  },
  "mean_pa_mpjpe_mm": 5.5769734382629395,
  "median_pa_mpjpe_mm": 4.827452659606934,
  "p90_pa_mpjpe_mm": 9.232858276367194,
  "p95_pa_mpjpe_mm": 11.245472097396853,
  "max_pa_mpjpe_mm": 26.23163414001465,
  "mean_root_mpjpe_mm": 24.36447525024414,
  "median_root_mpjpe_mm": 23.292274475097656,
  "p90_root_mpjpe_mm": 38.551778411865236,
  "p95_root_mpjpe_mm": 43.30523777008057,
  "max_root_mpjpe_mm": 118.56364440917969,
  "per_joint_pa_mpjpe_mm": [
    5.181244850158691,
    4.668056488037109,
    4.327639579772949,
    6.908746719360352,
    10.98012924194336,
    3.629035472869873,
    3.6314399242401123,
    4.907177448272705,
    8.017061233520508,
    3.4812536239624023,
    4.119065761566162,
    5.0973639488220215,
    10.789350509643555,
    3.1271307468414307,
    3.2151567935943604,
    4.578693389892578,
    8.609068870544434,
    3.5467329025268555,
    3.2679219245910645,
    5.40258264541626,
    9.631612777709961
  ],
  "per_joint_root_mpjpe_mm": [
    0.0,
    8.775635719299316,
    16.147472381591797,
    22.433998107910156,
    28.59454345703125,
    20.744428634643555,
    26.463335037231445,
    30.363147735595703,
    35.55634689331055,
    21.57259750366211,
    27.321531295776367,
    30.02467155456543,
    34.94674301147461,
    19.489025115966797,
    24.913005828857422,
    29.38022804260254,
    35.69893264770508,
    18.463146209716797,
    22.26502799987793,
    26.315818786621094,
    32.18450164794922
  ]
}
