{
  "checkpoint": "logs/train/runs/train_hoi4d_clean_egofishhands_quarter_8gpu_from_wilor_60epoch_bs60_v1/checkpoints/step=063312-val_loss=0.49383.ckpt",
  "cfg_path": "logs/train/runs/train_hoi4d_clean_egofishhands_quarter_8gpu_from_wilor_60epoch_bs60_v1/model_config.yaml",
  "tar_glob": "/vepfs-mlp2/mlp-public/huyaoqing/hamer/hamer_training_data/dataset_tars/hoi4d-clean-test/{000000..000023}.tar",
  "num_samples_seen": 5000,
  "num_samples": 5000,
  "num_skipped_invalid_mano": 0,
  "num_eval_joints": 105000,
  "metric": {
    "pa_mpjpe_mm": "Per-sample mean 3D joint error after similarity(Procrustes) alignment, in millimeters.",
    "root_mpjpe_mm": "Per-sample mean 3D joint error after wrist/root alignment only, in millimeters. Report this as PJ/root-MPJPE."
  },
  "mean_pa_mpjpe_mm": 5.240612506866455,
  "median_pa_mpjpe_mm": 4.833423614501953,
  "p90_pa_mpjpe_mm": 8.152292919158935,
  "p95_pa_mpjpe_mm": 9.629125213623048,
  "max_pa_mpjpe_mm": 26.132701873779297,
  "mean_root_mpjpe_mm": 22.45697784423828,
  "median_root_mpjpe_mm": 21.36992645263672,
  "p90_root_mpjpe_mm": 36.94645881652832,
  "p95_root_mpjpe_mm": 41.74007701873781,
  "max_root_mpjpe_mm": 90.9037857055664,
  "per_joint_pa_mpjpe_mm": [
    4.881548881530762,
    4.2335662841796875,
    4.166286945343018,
    6.371384143829346,
    10.886087417602539,
    3.2565195560455322,
    3.2739343643188477,
    4.5083794593811035,
    7.065488338470459,
    3.3629233837127686,
    3.9145383834838867,
    4.634620666503906,
    9.888101577758789,
    3.093858480453491,
    3.0736260414123535,
    4.482705593109131,
    8.357660293579102,
    3.56791090965271,
    3.215345621109009,
    5.040956020355225,
    8.777421951293945
  ],
  "per_joint_root_mpjpe_mm": [
    0.0,
    8.425046920776367,
    15.820055961608887,
    21.845327377319336,
    27.88520622253418,
    18.363983154296875,
    24.040979385375977,
    28.127544403076172,
    32.81226348876953,
    19.12046241760254,
    24.577056884765625,
    27.40704345703125,
    32.05833435058594,
    17.487918853759766,
    22.449186325073242,
    27.07828140258789,
    33.27180862426758,
    16.86663818359375,
    20.360157012939453,
    24.200830459594727,
    29.39845085144043
  ]
}
