{
  "checkpoint": "logs/train/runs/train_hoi4d_clean_4gpu_resume48000_to86376_bs120_v1/checkpoints/step=049984-val_loss=0.75937.ckpt",
  "config": "logs/train/runs/train_hoi4d_clean_4gpu_resume48000_to86376_bs120_v1/model_config.yaml",
  "tar_glob": "/c20250503/Robert/HaMeR_datasets/hamer_training_data/dataset_tars/hoi4d-clean-test-5000/{000000..000004}.tar",
  "num_samples": 5000,
  "num_eval_joints": 105000,
  "mean_px": 10.568616138868492,
  "median_px": 7.858762045299894,
  "rmse_px": 14.493096277638058,
  "p90_px": 21.399013706405494,
  "p95_px": 27.77955788749769,
  "max_px": 214.03385692967643,
  "per_joint_mean_px": [
    10.047750623042862,
    9.190583250495614,
    8.00727276475079,
    8.949640334022254,
    10.807165314166035,
    8.457441517158529,
    8.371034304660949,
    10.066649948681878,
    13.673193854901873,
    8.657000747218591,
    9.57230317889737,
    10.44701343078799,
    13.612136053741697,
    9.110871364704517,
    9.947551345117816,
    11.004342887676135,
    14.2062491538925,
    10.380357183348007,
    10.827528498517415,
    12.085625001176581,
    14.37034462397487
  ]
}
